{
  "best_model": "XGBoost Regressor (Tuned)",
  "r2_score": 0.8459953838890082,
  "rmse": 45578.86027200274,
  "hyperparameters": {},
  "test_samples": 4127
}